source1_entity_id	candidate_entity_ids
s1_01	s2_01,s2_10,s2_03,s2_07,s2_08a,s2_08b,s2_09,s3_01,s3_03,s3_xx
s1_02	s2_01,s2_10,s2_11,s2_02,s2_03,s2_04,s2_05,s2_06,s2_07,s2_08a,s2_08b,s2_09,s3_01,s3_03,s3_12,s3_xx
s1_03	s2_01,s2_10,s2_11,s2_02,s2_03,s2_04,s2_05,s2_06,s2_07,s2_08a,s2_08b,s2_09,s3_01,s3_03,s3_12,s3_xx
s1_04	s2_10,s2_11,s2_02,s2_03,s2_04,s2_05,s2_06,s2_07,s2_08a,s2_08b,s2_09,s3_03,s3_12,s3_xx
s1_05	s2_01,s2_10,s2_02,s2_03,s2_04,s2_05,s2_06,s2_07,s2_08a,s2_08b,s2_09,s3_01,s3_03,s3_12
s1_06	s2_10,s2_11,s2_02,s2_03,s2_04,s2_05,s2_06,s2_07,s2_08a,s2_08b,s2_09,s3_03,s3_12,s3_xx
s1_07	s2_01,s2_10,s2_11,s2_02,s2_03,s2_04,s2_06,s2_07,s2_08a,s2_08b,s2_09,s3_01,s3_03,s3_12,s3_xx
s1_08	s2_01,s2_10,s2_11,s2_02,s2_03,s2_04,s2_05,s2_06,s2_07,s2_08a,s2_08b,s2_09,s3_01,s3_03,s3_12,s3_xx
s1_09	s2_01,s2_10,s2_11,s2_02,s2_03,s2_04,s2_05,s2_06,s2_07,s2_08a,s2_08b,s2_09,s3_01,s3_03,s3_12,s3_xx
s1_10	s2_01,s2_10,s2_11,s2_02,s2_03,s2_04,s2_05,s2_06,s2_07,s2_08a,s2_08b,s2_09,s3_01,s3_03,s3_12,s3_xx
s1_11	s2_10,s2_11,s2_02,s2_03,s2_04,s2_06,s2_07,s2_08a,s2_08b,s2_09,s3_03,s3_xx
s1_12	s2_01,s2_10,s2_11,s2_02,s2_03,s2_04,s2_05,s2_06,s2_07,s2_08a,s2_08b,s2_09,s3_01,s3_03,s3_12,s3_xx
